{"GB":[0.019999999999999997,0.97,1.0,0.07,0.01,0.5],"GR":[1.99,2.0299999999999994,0.01,-0.05,0.01,0.5],"WB":[0.019999999999999997,-0.02,0.01,1.06,1.0,0.5],"last":[1.0,-1.0,2.0,1.0,0.2],"patternWeights":[0.01,0.01,0.01,0.01,0.01,0.5]}